iata,icao,airport_name,location,gps
TLH,KTLH,Tallahassee International Airport,within Tallahassee city limits.,30.39667°N 84.35028°W
TOL,KTOL,Toledo Express Airport,"Swanton / Monclova townships, Lucas County, Ohio, United States",41.586806°N 83.807833°W
TPA,KTPA,Tampa International Airport (TPA),"Tampa / Town 'n' Country, Florida, U.S.",27.97556°N 82.53333°W
TRI,KTRI,Tri-Cities Airport,"Blountville, Tennessee, U.S.",36.47528°N 82.40750°W
TUL,KTUL,Tulsa International Airport,"Tulsa, Oklahoma, U.S.",36.19833°N 95.88806°W
TUS,KTUS,Tucson International Airport,unknown,32.11611°N 110.94111°W
TYS,KTYS,McGhee Tyson Airport,"Alcoa, Tennessee, U.S.",35.81111°N 83.99389°W
VBG,unknown,unknown,unknown,unknown
VPS,KVPS,Destin–Fort Walton Beach Airport,"within Eglin Air Force Base, adjacent to Valparaiso",30.48333°N 86.52528°W
WRB,unknown,unknown,unknown,unknown
TIA,unknown,unknown,unknown,unknown
BOJ,LBBG,Burgas Airport,"Burgas, Bulgaria",42.57028°N 27.51528°E
SOF,LBSF,Sofia Airport,Sofia,42.69500°N 23.40833°E
VAR,unknown,unknown,unknown,unknown
LCA,LCLK,Larnaca International Airport,Larnaca,34.87889°N 33.63028°E
PFO,unknown,unknown,unknown,unknown
AKT,unknown,unknown,unknown,unknown
ZAG,unknown,unknown,unknown,unknown
ALC,LEAL,Alicante–Elche Airport,Elche (Alicante),38.28222°N 0.55806°W
BCN,unknown,unknown,unknown,unknown
MAD,LEMD,Adolfo SuárezMadrid-Barajas Airport[1],"District of Barajas, Madrid",40.47222°N 3.56083°W
AGP,LEMG,Málaga Airport,"Churriana, Málaga, Andalusia, Spain",36.67500°N 4.49917°W
PMI,unknown,unknown,unknown,unknown
SCQ,unknown,unknown,unknown,unknown
BOD,unknown,unknown,unknown,unknown
TLS,LFBO,Toulouse Blagnac Airport,Blagnac,43.63500°N 1.36778°E
LYS,LFLL,Lyon–Saint Exupéry Airport,Colombier-Saugnieu,45.72556°N 5.08111°E
MRS,unknown,unknown,unknown,unknown
NCE,unknown,unknown,unknown,unknown
CDG,LFPG,Paris Charles de Gaulle Airport,"Roissy-en-France, France",49.00972°N 2.54778°E
ORY,LFPO,Paris Orly Airport,Essonne and the Val-de-Marne,48.72333°N 2.37944°E
BSL,unknown,unknown,unknown,unknown
ATH,LGAV,"Athens International Airport""Eleftherios Venizelos""",Spata,37.93639°N 23.94722°E
HER,unknown,unknown,unknown,unknown
SKG,LGTS,"Thessaloniki Airport ""Makedonia""","Mikra, Macedonia, Greece",40.51972°N 22.97083°E
BUD,LHBP,Budapest Liszt Ferenc International Airport,16 km (9.9 mi) south-east of center of Budapest,47.43944°N 19.26194°E
BRI,unknown,unknown,unknown,unknown
CTA,LICC,Catania–Fontanarossa Airport,Catania,37.46667°N 15.06389°E
PMO,unknown,unknown,unknown,unknown
CAG,unknown,unknown,unknown,unknown
MXP,LIMC,Milan Malpensa Airport,"Ferno, Varese",45.63000°N 8.72306°E
BGY,LIME,Orio al Serio International Airport,Orio al Serio,45.66889°N 9.70028°E
TRN,unknown,unknown,unknown,unknown
GOA,LIMJ,Genoa Airport,unknown,44.41333°N 8.83750°E
LIN,LIML,Milan Linate Airport,Segrate and Peschiera Borromeo,45.44944°N 9.27833°E
BLQ,unknown,unknown,unknown,unknown
TSF,unknown,unknown,unknown,unknown
VRN,LIPX,Verona Airport,Villafranca di Verona,45.39639°N 10.88806°E
VCE,unknown,unknown,unknown,unknown
CIA,LIRA,"Rome—Ciampino International Airport ""G. B. Pastine""","Ciampino, (RM), Italy",41.79944°N 12.59722°E
FCO,LIRF,"Rome–Fiumicino International Airport ""Leonardo da Vinci""",Fiumicino,41.80028°N 12.23889°E
NAP,LIRN,Naples International Airport,Capodichino,40.88444°N 14.29083°E
PSA,unknown,unknown,unknown,unknown
LJU,unknown,unknown,unknown,unknown
PRG,unknown,unknown,unknown,unknown
TLV,unknown,unknown,unknown,unknown
VDA,LLOV,Ovda Airport,unknown,29.94028°N 34.93583°E
MLA,unknown,unknown,unknown,unknown
VIE,LOWW,Vienna International Airport,"Schwechat, Austria",48.11083°N 16.57083°E
FAO,unknown,unknown,unknown,unknown
TER,unknown,unknown,unknown,unknown
PDL,LPPD,Ponta Delgada-João Paulo II Airport,Relva,37.74194°N 25.69778°W
OPO,LPPR,Francisco Sá Carneiro Airport,11 km (6.8 mi) NW of Porto,41.23556°N 8.67806°W
LIS,LPPT,Humberto Delgado Airport,"Olivais, Lisbon",38.77417°N 9.13417°W
SJJ,LQSA,Sarajevo International Airport,Butmir,43.82472°N 18.33139°E
OTP,unknown,unknown,unknown,unknown
GVA,unknown,unknown,unknown,unknown
ZRH,LSZH,Zurich Airport,"Kloten, Rümlang, Oberglatt, Winkel and Opfikon[1]",47.46472°N 8.54917°E
ESB,unknown,unknown,unknown,unknown
ADA,unknown,unknown,unknown,unknown
AYT,unknown,unknown,unknown,unknown
GZT,unknown,unknown,unknown,unknown
ISL,unknown,unknown,unknown,unknown
ADB,unknown,unknown,unknown,unknown
DLM,LTBS,Dalaman Airport,"Dalaman, Turkey",36.71472°N 28.79278°E
ERZ,unknown,unknown,unknown,unknown
TZX,unknown,unknown,unknown,unknown
ISE,unknown,unknown,unknown,unknown
BJV,LTFE,Milas–Bodrum Airport,"Bodrum, Turkey",37.25056°N 27.66417°E
SAW,LTFJ,Istanbul Sabiha Gökçen International Airport,"Pendik, Istanbul",40.89833°N 29.30917°E
SKP,unknown,unknown,unknown,unknown
BEG,LYBE,Belgrade Nikola Tesla Airport,"Zemun, Serbia",44.81944°N 20.30694°E
TGD,LYPG,Podgorica Airport,"Golubovci, Montenegro",42.35944°N 19.25194°E
BTS,unknown,unknown,unknown,unknown
PUJ,MDPC,Punta Cana International Airport,"Punta Cana in La Altagracia Province, Dominican Republic",18.56667°N 68.35194°W
SDQ,MDSD,Las Américas International Airport,"Punta Caucedo, Dominican Republic",18.42944°N 69.66889°W
GUA,unknown,unknown,unknown,unknown
KIN,MKJP,Norman ManleyInternational Airport,Palisadoes,17.93556°N 76.78750°W
ACA,MMAA,General Juan N. Álvarez International Airport,"Acapulco, Guerrero, Mexico",16.756028°N 99.751611°W
GDL,MMGL,Guadalajara International Airport,"Tlajomulco de Zúñiga, Jalisco",20.52167°N 103.31111°W
HMO,MMHO,General Ignacio Pesqueira García International Airport,"Hermosillo, Sonora",29.09583°N 111.04778°W
MEX,MMMX,Mexico City International Airport,"Venustiano Carranza, Mexico City",19.43611°N 99.07194°W
MTY,MMMY,Monterrey International Airport,"Apodaca, Nuevo Leon, Mexico",25.77833°N 100.10639°W
PVR,MMPR,Lic. Gustavo Díaz Ordaz International Airport,"Puerto Vallarta, Jalisco",20.68000°N 105.25417°W
SJD,MMSD,Los Cabos International Airport,"San José del Cabo,Los Cabos Municipality,Baja California Sur state,Mexico",23.15167°N 109.72083°W
TIJ,MMTJ,Tijuana International Airport,"Tijuana, Baja California(CBX terminal in Otay Mesa, San Diego, California)",32.54083°N 116.97000°W
CUN,MMUN,Cancun International Airport,"Cancún, Quintana Roo, Mexico",21.03667°N 86.87694°W
PTY,MPTO,Tocumen International Airport,Tocumen,9.07139°N 79.38361°W
LIR,MRLB,Daniel Oduber Quirós International Airport (LIR),unknown,10.59306°N 85.54556°W
SAL,unknown,unknown,unknown,unknown
HAV,unknown,unknown,unknown,unknown
VRA,unknown,unknown,unknown,unknown
GCM,unknown,unknown,unknown,unknown
NAS,MYNN,Lynden Pindling International Airport,"Nassau, Bahamas",25.03889°N 77.46611°W
BZE,unknown,unknown,unknown,unknown
RAR,NCRG,Rarotonga International Airport,"Avarua, Rarotonga, Cook Islands",21.20278°S 159.80556°W
PPT,NTAA,Faa'a International Airport,Papeete,17.55667°S 149.61139°W
AKL,unknown,unknown,unknown,unknown
CHC,unknown,unknown,unknown,unknown
WLG,unknown,unknown,unknown,unknown
BAH,unknown,unknown,unknown,unknown
DMM,unknown,unknown,unknown,unknown
DHA,unknown,unknown,unknown,unknown
JED,OEJN,King Abdulaziz International Airport,Al Madinah Al Munawwarah Road,21.67944°N 39.15667°E
MED,unknown,unknown,unknown,unknown
RUH,OERK,King Khalid International Airport,"Riyadh, Saudi Arabia",24.95778°N 46.69889°E
IKA,OIIE,Imam Khomeini International Airport (IKIA),"Ahmadabad, Tehran, Iran",35.41611°N 51.15222°E
THR,OIII,Mehrabad International Airport,"Tehran, Iran",35.68917°N 51.31361°E
MHD,unknown,unknown,unknown,unknown
SYZ,OISS,Shiraz Shahid Dastgheib International Airport,"Shiraz, Iran",29.53917°N 52.59000°E
TBZ,unknown,unknown,unknown,unknown
AMM,unknown,unknown,unknown,unknown
KWI,OKBK,Kuwait International Airport,"Farwaniya Governorate, Kuwait",29.22667°N 47.98000°E
BEY,unknown,unknown,unknown,unknown
DQM,unknown,unknown,unknown,unknown
MNH,unknown,unknown,unknown,unknown
AUH,OMAA,Abu Dhabi International Airport,unknown,24.43306°N 54.65111°E
DXB,OMDB,Dubai International Airport,unknown,25.25278°N 55.36444°E
DWC,OMDW,Al Maktoum International Airport,"Jebel Ali, United Arab Emirates",24.8882778°N 55.1603778°E
SHJ,OMSJ,Sharjah Airport,unknown,25.32917°N 55.51611°E
MCT,unknown,unknown,unknown,unknown
SKT,unknown,unknown,unknown,unknown
BGW,unknown,unknown,unknown,unknown
BSR,unknown,unknown,unknown,unknown
ALP,unknown,unknown,unknown,unknown
DAM,unknown,unknown,unknown,unknown
LTK,unknown,unknown,unknown,unknown
FAI,PAFA,Fairbanks International Airport,unknown,64.81500°N 147.85639°W
ANC,PANC,Ted Stevens Anchorage International Airport,unknown,61.17417°N 149.99833°W
GUM,unknown,unknown,unknown,unknown
CGY,RPMY,Laguindingan Airport,"Barangay Moog, Laguindingan, Misamis Oriental",8.61250°N 124.45722°E
HNL,PHNL,Daniel K. Inouye International Airport,"Honolulu, Hawaii, United States",21.31861°N 157.92250°W
ISB,unknown,unknown,unknown,unknown
DOH,OTHH,Hamad International Airport,"Doha, Qatar",25.27306°N 51.60806°E
KNH,unknown,unknown,unknown,unknown
KHH,RCKH,Kaohsiung International Airport,"Siaogang District, Kaohsiung, Taiwan",22.57694°N 120.35000°E
TPE,RCTP,Taiwan Taoyuan International Airport,"Dayuan District, Taoyuan, Taiwan",25.07639°N 121.22389°E
NRT,RJAA,Narita International Airport,"Narita, Chiba, Japan",35.76528°N 140.38556°E
KIX,RJBB,Kansai International Airport,"Izumisano, Sennan, & Tajiri Osaka Prefecture",34.43417°N 135.23278°E
CTS,RJCC,New Chitose International Airport,City of Chitose and Tomakomai,42.77528°N 141.69250°E
HRB,ZYHB,Harbin Taiping International Airport,"near the town of Taiping, Daoli District, Harbin",45.6234028°N 126.2503278°E
WLW,unknown,unknown,unknown,unknown
WSD,unknown,unknown,unknown,unknown
WST,unknown,unknown,unknown,unknown
WVI,unknown,unknown,unknown,unknown
WVL,unknown,unknown,unknown,unknown
KYO,unknown,unknown,unknown,unknown
ATX,unknown,unknown,unknown,unknown
KZF,unknown,unknown,unknown,unknown
ZPH,unknown,unknown,unknown,unknown
LAC,unknown,unknown,unknown,unknown
LBM,unknown,unknown,unknown,unknown
SZR,unknown,unknown,unknown,unknown
TGV,unknown,unknown,unknown,unknown
LCP,unknown,unknown,unknown,unknown
LSZ,unknown,unknown,unknown,unknown
LDW,unknown,unknown,unknown,unknown
HSK,unknown,unknown,unknown,unknown
QSA,unknown,unknown,unknown,unknown
RJL,unknown,unknown,unknown,unknown
LEO,unknown,unknown,unknown,unknown
LEU,unknown,unknown,unknown,unknown
DPE,unknown,unknown,unknown,unknown
BYF,unknown,unknown,unknown,unknown
XDA,unknown,unknown,unknown,unknown
MVV,unknown,unknown,unknown,unknown
AHZ,unknown,unknown,unknown,unknown
PRP,unknown,unknown,unknown,unknown
MFX,unknown,unknown,unknown,unknown
CVF,unknown,unknown,unknown,unknown
BAE,unknown,unknown,unknown,unknown
GAT,unknown,unknown,unknown,unknown
SCP,unknown,unknown,unknown,unknown
LSO,unknown,unknown,unknown,unknown
XBX,unknown,unknown,unknown,unknown
LTT,unknown,unknown,unknown,unknown
LGE,unknown,unknown,unknown,unknown
JIK,unknown,unknown,unknown,unknown
KSO,unknown,unknown,unknown,unknown
KIT,unknown,unknown,unknown,unknown
KZS,unknown,unknown,unknown,unknown
KSJ,unknown,unknown,unknown,unknown
JKL,unknown,unknown,unknown,unknown
LRS,unknown,unknown,unknown,unknown
LXS,unknown,unknown,unknown,unknown
LRA,unknown,unknown,unknown,unknown
MLO,unknown,unknown,unknown,unknown
LGN,unknown,unknown,unknown,unknown
JNX,unknown,unknown,unknown,unknown
PAS,unknown,unknown,unknown,unknown
JTY,unknown,unknown,unknown,unknown
JSY,unknown,unknown,unknown,unknown
SPJ,unknown,unknown,unknown,unknown
SKU,unknown,unknown,unknown,unknown
MCQ,unknown,unknown,unknown,unknown
QAQ,unknown,unknown,unknown,unknown
BLX,unknown,unknown,unknown,unknown
RAN,unknown,unknown,unknown,unknown
FNU,unknown,unknown,unknown,unknown
UDN,unknown,unknown,unknown,unknown
LCV,unknown,unknown,unknown,unknown
QRT,unknown,unknown,unknown,unknown
LKC,unknown,unknown,unknown,unknown
MKA,unknown,unknown,unknown,unknown
OLO,unknown,unknown,unknown,unknown
ZBE,unknown,unknown,unknown,unknown
BEV,unknown,unknown,unknown,unknown
EIY,unknown,unknown,unknown,unknown
LLH,unknown,unknown,unknown,unknown
KSW,unknown,unknown,unknown,unknown
LLL,unknown,unknown,unknown,unknown
YOT,unknown,unknown,unknown,unknown
LMC,unknown,unknown,unknown,unknown
LMZ,unknown,unknown,unknown,unknown
LNC,unknown,unknown,unknown,unknown
LNF,unknown,unknown,unknown,unknown
LNM,unknown,unknown,unknown,unknown
HOH,unknown,unknown,unknown,unknown
LOM,unknown,unknown,unknown,unknown
CHV,unknown,unknown,unknown,unknown
CVU,unknown,unknown,unknown,unknown
QNC,unknown,unknown,unknown,unknown
BXO,unknown,unknown,unknown,unknown
ZJI,unknown,unknown,unknown,unknown
GKD,unknown,unknown,unknown,unknown
KFS,unknown,unknown,unknown,unknown
MZH,unknown,unknown,unknown,unknown
VAS,unknown,unknown,unknown,unknown
ONQ,unknown,unknown,unknown,unknown
NAV,unknown,unknown,unknown,unknown
CII,unknown,unknown,unknown,unknown
BTZ,unknown,unknown,unknown,unknown
USQ,unknown,unknown,unknown,unknown
BXN,unknown,unknown,unknown,unknown
KZR,unknown,unknown,unknown,unknown
NOP,unknown,unknown,unknown,unknown
LTF,unknown,unknown,unknown,unknown
SZF,unknown,unknown,unknown,unknown
LWA,unknown,unknown,unknown,unknown
DNF,unknown,unknown,unknown,unknown
MRA,unknown,unknown,unknown,unknown
QUB,unknown,unknown,unknown,unknown
IVG,unknown,unknown,unknown,unknown
QND,unknown,unknown,unknown,unknown
LUE,unknown,unknown,unknown,unknown
POV,unknown,unknown,unknown,unknown
DRU,unknown,unknown,unknown,unknown
GLN,unknown,unknown,unknown,unknown
UWA,unknown,unknown,unknown,unknown
MAP,unknown,unknown,unknown,unknown
MDS,unknown,unknown,unknown,unknown
PIC,unknown,unknown,unknown,unknown
SLX,unknown,unknown,unknown,unknown
COZ,unknown,unknown,unknown,unknown
EPS,unknown,unknown,unknown,unknown
MDR,unknown,unknown,unknown,unknown
MDV,unknown,unknown,unknown,unknown
LIZ,unknown,unknown,unknown,unknown
MEF,unknown,unknown,unknown,unknown
OHB,unknown,unknown,unknown,unknown
DOA,unknown,unknown,unknown,unknown
CMM,unknown,unknown,unknown,unknown
CTF,unknown,unknown,unknown,unknown
HUG,unknown,unknown,unknown,unknown
MCR,unknown,unknown,unknown,unknown
MGP,unknown,unknown,unknown,unknown
PON,unknown,unknown,unknown,unknown
AQB,unknown,unknown,unknown,unknown
AAZ,unknown,unknown,unknown,unknown
LCF,unknown,unknown,unknown,unknown
AIM,unknown,unknown,unknown,unknown
AUL,unknown,unknown,unknown,unknown
BII,unknown,unknown,unknown,unknown
EBN,unknown,unknown,unknown,unknown
JAT,unknown,unknown,unknown,unknown
JEJ,unknown,unknown,unknown,unknown
KBT,unknown,unknown,unknown,unknown
LIK,unknown,unknown,unknown,unknown
LML,unknown,unknown,unknown,unknown
MAV,unknown,unknown,unknown,unknown
MJB,unknown,unknown,unknown,unknown
MJE,unknown,unknown,unknown,unknown
NDK,unknown,unknown,unknown,unknown
RNP,unknown,unknown,unknown,unknown
TIC,unknown,unknown,unknown,unknown
UIT,unknown,unknown,unknown,unknown
WJA,unknown,unknown,unknown,unknown
WTE,unknown,unknown,unknown,unknown
WTO,unknown,unknown,unknown,unknown
AHS,unknown,unknown,unknown,unknown
BHG,unknown,unknown,unknown,unknown
CAA,unknown,unknown,unknown,unknown
LUI,unknown,unknown,unknown,unknown
CYL,unknown,unknown,unknown,unknown
CDD,unknown,unknown,unknown,unknown
OAN,unknown,unknown,unknown,unknown
GAC,unknown,unknown,unknown,unknown
IRN,unknown,unknown,unknown,unknown
GUO,unknown,unknown,unknown,unknown
JUT,unknown,unknown,unknown,unknown
LEZ,unknown,unknown,unknown,unknown
MHN,unknown,unknown,unknown,unknown
PCH,unknown,unknown,unknown,unknown
PEU,unknown,unknown,unknown,unknown
RUY,unknown,unknown,unknown,unknown
SCD,unknown,unknown,unknown,unknown
UII,unknown,unknown,unknown,unknown
MHY,unknown,unknown,unknown,unknown
ORO,unknown,unknown,unknown,unknown
MIZ,unknown,unknown,unknown,unknown
MJJ,unknown,unknown,unknown,unknown
MJS,unknown,unknown,unknown,unknown
MKN,unknown,unknown,unknown,unknown
NEG,unknown,unknown,unknown,unknown
MIJ,unknown,unknown,unknown,unknown
MLQ,unknown,unknown,unknown,unknown
HEB,unknown,unknown,unknown,unknown
TZM,unknown,unknown,unknown,unknown
CNA,unknown,unknown,unknown,unknown
ACN,unknown,unknown,unknown,unknown
NCG,unknown,unknown,unknown,unknown
CJT,unknown,unknown,unknown,unknown
MMC,unknown,unknown,unknown,unknown
ESE,unknown,unknown,unknown,unknown
GUB,unknown,unknown,unknown,unknown
TCN,unknown,unknown,unknown,unknown
ISJ,unknown,unknown,unknown,unknown
AZP,unknown,unknown,unknown,unknown
MUG,unknown,unknown,unknown,unknown
NOG,unknown,unknown,unknown,unknown
PCO,unknown,unknown,unknown,unknown
PQM,unknown,unknown,unknown,unknown
SFH,unknown,unknown,unknown,unknown
NLU,unknown,unknown,unknown,unknown
TSL,unknown,unknown,unknown,unknown
MMV,unknown,unknown,unknown,unknown
ZMM,unknown,unknown,unknown,unknown
MXW,unknown,unknown,unknown,unknown
ULG,unknown,unknown,unknown,unknown
BZA,unknown,unknown,unknown,unknown
ECI,unknown,unknown,unknown,unknown
RNI,unknown,unknown,unknown,unknown
NVG,unknown,unknown,unknown,unknown
RFS,unknown,unknown,unknown,unknown
NCR,unknown,unknown,unknown,unknown
SIU,unknown,unknown,unknown,unknown
WSP,unknown,unknown,unknown,unknown
MOH,unknown,unknown,unknown,unknown
PDM,unknown,unknown,unknown,unknown
MPG,unknown,unknown,unknown,unknown
BLB,unknown,unknown,unknown,unknown
MPI,unknown,unknown,unknown,unknown
JQE,unknown,unknown,unknown,unknown
PUE,unknown,unknown,unknown,unknown
RIH,unknown,unknown,unknown,unknown
MPU,unknown,unknown,unknown,unknown
PVE,unknown,unknown,unknown,unknown
NBL,unknown,unknown,unknown,unknown
MPX,unknown,unknown,unknown,unknown
MQO,unknown,unknown,unknown,unknown
FON,MRAN,Arenal Airport,unknown,10.46944°N 84.57889°W
JAP,unknown,unknown,unknown,unknown
PLD,unknown,unknown,unknown,unknown
DRK,unknown,unknown,unknown,unknown
FMG,unknown,unknown,unknown,unknown
PBP,unknown,unknown,unknown,unknown
CSC,unknown,unknown,unknown,unknown
NCT,unknown,unknown,unknown,unknown
RFR,unknown,unknown,unknown,unknown
MRT,unknown,unknown,unknown,unknown
TNO,MRTM,Tamarindo Airport,unknown,10.31528°N 85.81389°W
TMU,unknown,unknown,unknown,unknown
MTX,unknown,unknown,unknown,unknown
MTU,unknown,unknown,unknown,unknown
BWW,unknown,unknown,unknown,unknown
QCO,unknown,unknown,unknown,unknown
UMA,unknown,unknown,unknown,unknown
MJG,unknown,unknown,unknown,unknown
ICR,unknown,unknown,unknown,unknown
USS,unknown,unknown,unknown,unknown
MWR,unknown,unknown,unknown,unknown
AJS,unknown,unknown,unknown,unknown
AZG,unknown,unknown,unknown,unknown
PCM,unknown,unknown,unknown,unknown
PCV,unknown,unknown,unknown,unknown
SCX,unknown,unknown,unknown,unknown
SGM,unknown,unknown,unknown,unknown
TUY,unknown,unknown,unknown,unknown
UAC,unknown,unknown,unknown,unknown
XAL,unknown,unknown,unknown,unknown
MXC,unknown,unknown,unknown,unknown
MXK,unknown,unknown,unknown,unknown
MXR,unknown,unknown,unknown,unknown
GTK,unknown,unknown,unknown,unknown
LBP,unknown,unknown,unknown,unknown
LLM,unknown,unknown,unknown,unknown
MZS,unknown,unknown,unknown,unknown
SPT,unknown,unknown,unknown,unknown
WKR,unknown,unknown,unknown,unknown
CXY,unknown,unknown,unknown,unknown
PWN,unknown,unknown,unknown,unknown
GBI,unknown,unknown,unknown,unknown
WTD,unknown,unknown,unknown,unknown
MYK,unknown,unknown,unknown,unknown
PID,unknown,unknown,unknown,unknown
RCY,unknown,unknown,unknown,unknown
MYS,unknown,unknown,unknown,unknown
MYX,unknown,unknown,unknown,unknown
NTC,unknown,unknown,unknown,unknown
IBO,unknown,unknown,unknown,unknown
TGS,unknown,unknown,unknown,unknown
MZE,unknown,unknown,unknown,unknown
CYD,unknown,unknown,unknown,unknown
IMI,unknown,unknown,unknown,unknown
BQI,unknown,unknown,unknown,unknown
AIT,unknown,unknown,unknown,unknown
AIU,NCAT,Enua Airport,"Atiu, Cook Islands",19.96778°S 158.12000°W
MGS,unknown,unknown,unknown,unknown
MHX,unknown,unknown,unknown,unknown
MUK,NCMK,Mauke Airport,unknown,20.13667°S 157.34472°W
MOI,unknown,unknown,unknown,unknown
PZK,unknown,unknown,unknown,unknown
PYE,unknown,unknown,unknown,unknown
NDI,unknown,unknown,unknown,unknown
NDN,unknown,unknown,unknown,unknown
EPG,unknown,unknown,unknown,unknown
ICI,unknown,unknown,unknown,unknown
PTF,unknown,unknown,unknown,unknown
RBI,unknown,unknown,unknown,unknown
KDV,unknown,unknown,unknown,unknown
MNF,unknown,unknown,unknown,unknown
MFJ,unknown,unknown,unknown,unknown
LEV,unknown,unknown,unknown,unknown
NGI,NFNG,Gau Airport,unknown,18.11556°S 179.33972°E
LUC,unknown,unknown,unknown,unknown
LKB,unknown,unknown,unknown,unknown
TVU,unknown,unknown,unknown,unknown
KXF,unknown,unknown,unknown,unknown
RTA,unknown,unknown,unknown,unknown
SVU,unknown,unknown,unknown,unknown
VAU,unknown,unknown,unknown,unknown
KAY,unknown,unknown,unknown,unknown
ONU,unknown,unknown,unknown,unknown
YAS,unknown,unknown,unknown,unknown
EUA,unknown,unknown,unknown,unknown
NFO,unknown,unknown,unknown,unknown
NTT,unknown,unknown,unknown,unknown
VBV,unknown,unknown,unknown,unknown
VTF,unknown,unknown,unknown,unknown
PHG,unknown,unknown,unknown,unknown
ABF,unknown,unknown,unknown,unknown
BEZ,unknown,unknown,unknown,unknown
KUC,unknown,unknown,unknown,unknown
MNK,unknown,unknown,unknown,unknown
MZK,unknown,unknown,unknown,unknown
MTK,unknown,unknown,unknown,unknown
NIG,unknown,unknown,unknown,unknown
OOT,unknown,unknown,unknown,unknown
AEA,unknown,unknown,unknown,unknown
TMN,unknown,unknown,unknown,unknown
NON,unknown,unknown,unknown,unknown
AIS,unknown,unknown,unknown,unknown
TSU,unknown,unknown,unknown,unknown
BBG,unknown,unknown,unknown,unknown
AAK,unknown,unknown,unknown,unknown
NIK,unknown,unknown,unknown,unknown
NKD,unknown,unknown,unknown,unknown
HBB,unknown,unknown,unknown,unknown
NND,unknown,unknown,unknown,unknown
NOM,unknown,unknown,unknown,unknown
NOO,unknown,unknown,unknown,unknown
MWP,unknown,unknown,unknown,unknown
NPG,unknown,unknown,unknown,unknown
NRY,unknown,unknown,unknown,unknown
OFU,unknown,unknown,unknown,unknown
AAU,unknown,unknown,unknown,unknown
FGI,unknown,unknown,unknown,unknown
MXS,unknown,unknown,unknown,unknown
RMT,unknown,unknown,unknown,unknown
RVV,unknown,unknown,unknown,unknown
APK,unknown,unknown,unknown,unknown
HHZ,NTGH,Hikueru Airport,unknown,17.54778°S 142.61278°W
NAU,unknown,unknown,unknown,unknown
TKV,unknown,unknown,unknown,unknown
PUK,NTGQ,Pukarua Airport,"Pukarua, Tuamotu, French Polynesia",18.29556°S 137.01694°W
NUK,NTGW,Nukutavake Airport,"Nukutavake, Tuamotu, French Polynesia",19.28500°S 138.77194°W
ZTA,unknown,unknown,unknown,unknown
KHZ,unknown,unknown,unknown,unknown
FAC,unknown,unknown,unknown,unknown
FHZ,unknown,unknown,unknown,unknown
RKA,unknown,unknown,unknown,unknown
TJN,unknown,unknown,unknown,unknown
NIU,unknown,unknown,unknown,unknown
RRR,NTKO,Raroia Airport,unknown,16.04694°S 142.47694°W
KXU,unknown,unknown,unknown,unknown
NKP,unknown,unknown,unknown,unknown
UAP,unknown,unknown,unknown,unknown
UAH,unknown,unknown,unknown,unknown
TTI,unknown,unknown,unknown,unknown
TPX,unknown,unknown,unknown,unknown
UOA,unknown,unknown,unknown,unknown
VHZ,NTUV,Vahitahi Airport,unknown,18.78000°S 138.85306°W
NUG,unknown,unknown,unknown,unknown
UCC,unknown,unknown,unknown,unknown
MTV,unknown,unknown,unknown,unknown
SLH,unknown,unknown,unknown,unknown
TOH,unknown,unknown,unknown,unknown
EAE,unknown,unknown,unknown,unknown
CCV,unknown,unknown,unknown,unknown
LOD,unknown,unknown,unknown,unknown
SSR,FIMP,Sir Seewoosagur Ramgoolam International Airport,Plaine Magnien,20.4300278°S 57.6830222°E
PBJ,unknown,unknown,unknown,unknown
LPM,unknown,unknown,unknown,unknown
LNB,unknown,unknown,unknown,unknown
MWF,NVSN,Maewo-Naone Airport,"Maewo, Vanuatu",14.99722°S 168.08111°E
LNE,unknown,unknown,unknown,unknown
NUS,unknown,unknown,unknown,unknown
RCL,unknown,unknown,unknown,unknown
TGH,unknown,unknown,unknown,unknown
ULB,unknown,unknown,unknown,unknown
VLS,unknown,unknown,unknown,unknown
WLH,unknown,unknown,unknown,unknown
SWJ,unknown,unknown,unknown,unknown
OLJ,unknown,unknown,unknown,unknown
AUY,unknown,unknown,unknown,unknown
AWD,unknown,unknown,unknown,unknown
DLY,unknown,unknown,unknown,unknown
FTA,unknown,unknown,unknown,unknown
IPA,unknown,unknown,unknown,unknown
UIQ,unknown,unknown,unknown,unknown
NWT,unknown,unknown,unknown,unknown
HLU,unknown,unknown,unknown,unknown
IOU,unknown,unknown,unknown,unknown
PUV,unknown,unknown,unknown,unknown
PDC,unknown,unknown,unknown,unknown
ASG,unknown,unknown,unknown,unknown
CMV,unknown,unknown,unknown,unknown
DGR,unknown,unknown,unknown,unknown
WHO,unknown,unknown,unknown,unknown
GBZ,unknown,unknown,unknown,unknown
GMN,unknown,unknown,unknown,unknown
WIK,unknown,unknown,unknown,unknown
KBZ,unknown,unknown,unknown,unknown
KKO,unknown,unknown,unknown,unknown
MTA,unknown,unknown,unknown,unknown
MFN,unknown,unknown,unknown,unknown
MZP,unknown,unknown,unknown,unknown
PCN,unknown,unknown,unknown,unknown
RAG,unknown,unknown,unknown,unknown
SZS,unknown,unknown,unknown,unknown
TMZ,unknown,unknown,unknown,unknown
KTF,unknown,unknown,unknown,unknown
TKZ,unknown,unknown,unknown,unknown
THH,unknown,unknown,unknown,unknown
WTZ,unknown,unknown,unknown,unknown
NLN,unknown,unknown,unknown,unknown
BZF,unknown,unknown,unknown,unknown
OAA,unknown,unknown,unknown,unknown
BIN,unknown,unknown,unknown,unknown
BST,unknown,unknown,unknown,unknown
CCN,unknown,unknown,unknown,unknown
SBF,unknown,unknown,unknown,unknown
DAZ,unknown,unknown,unknown,unknown
FAH,unknown,unknown,unknown,unknown
FBD,unknown,unknown,unknown,unknown
GZI,unknown,unknown,unknown,unknown
KWH,unknown,unknown,unknown,unknown
GRG,unknown,unknown,unknown,unknown
KHT,unknown,unknown,unknown,unknown
URN,unknown,unknown,unknown,unknown
LQN,unknown,unknown,unknown,unknown
OAS,unknown,unknown,unknown,unknown
OAH,unknown,unknown,unknown,unknown
SGA,unknown,unknown,unknown,unknown
TII,unknown,unknown,unknown,unknown
TQN,unknown,unknown,unknown,unknown
OAZ,unknown,unknown,unknown,unknown
ZAJ,unknown,unknown,unknown,unknown
OCS,unknown,unknown,unknown,unknown
SLF,unknown,unknown,unknown,unknown
ZUL,unknown,unknown,unknown,unknown
OGE,unknown,unknown,unknown,unknown
OGM,unknown,unknown,unknown,unknown
DEF,unknown,unknown,unknown,unknown
OMI,unknown,unknown,unknown,unknown
IFH,unknown,unknown,unknown,unknown
AJK,unknown,unknown,unknown,unknown
SNX,unknown,unknown,unknown,unknown
HDR,unknown,unknown,unknown,unknown
RUD,unknown,unknown,unknown,unknown
KLM,unknown,unknown,unknown,unknown
BSM,unknown,unknown,unknown,unknown
JAR,unknown,unknown,unknown,unknown
LFM,unknown,unknown,unknown,unknown
KHY,unknown,unknown,unknown,unknown
ACP,unknown,unknown,unknown,unknown
PFQ,unknown,unknown,unknown,unknown
IMQ,unknown,unknown,unknown,unknown
JSK,unknown,unknown,unknown,unknown
OMF,unknown,unknown,unknown,unknown
OKV,unknown,unknown,unknown,unknown
OLQ,unknown,unknown,unknown,unknown
BYB,unknown,unknown,unknown,unknown
AOM,unknown,unknown,unknown,unknown
OMN,unknown,unknown,unknown,unknown
OMY,unknown,unknown,unknown,unknown
ONB,unknown,unknown,unknown,unknown
RMB,unknown,unknown,unknown,unknown
FAU,unknown,unknown,unknown,unknown
RNM,unknown,unknown,unknown,unknown
JNJ,unknown,unknown,unknown,unknown
LKW,unknown,unknown,unknown,unknown
OMM,unknown,unknown,unknown,unknown
OHS,unknown,unknown,unknown,unknown
SUH,OOSR,Sur Airport,unknown,22.53611°N 59.47778°E
DDU,unknown,unknown,unknown,unknown
BHW,unknown,unknown,unknown,unknown
BNP,unknown,unknown,unknown,unknown
WGB,unknown,unknown,unknown,unknown
CHB,unknown,unknown,unknown,unknown
DBA,unknown,unknown,unknown,unknown
DDU,unknown,unknown,unknown,unknown
JIW,unknown,unknown,unknown,unknown
HDD,unknown,unknown,unknown,unknown
KDD,unknown,unknown,unknown,unknown
KBH,unknown,unknown,unknown,unknown
OHT,unknown,unknown,unknown,unknown
LRG,unknown,unknown,unknown,unknown
MPD,unknown,unknown,unknown,unknown
NHS,unknown,unknown,unknown,unknown
ORW,unknown,unknown,unknown,unknown
PAJ,unknown,unknown,unknown,unknown
SBQ,unknown,unknown,unknown,unknown
SWN,unknown,unknown,unknown,unknown
TLB,unknown,unknown,unknown,unknown
BDN,unknown,unknown,unknown,unknown
TFT,unknown,unknown,unknown,unknown
WAF,unknown,unknown,unknown,unknown
BMN,unknown,unknown,unknown,unknown
NJF,unknown,unknown,unknown,unknown
OSE,unknown,unknown,unknown,unknown
OSG,unknown,unknown,unknown,unknown
OTT,unknown,unknown,unknown,unknown
OTY,unknown,unknown,unknown,unknown
OUM,unknown,unknown,unknown,unknown
OXO,unknown,unknown,unknown,unknown
EAB,unknown,unknown,unknown,unknown
BYD,unknown,unknown,unknown,unknown
BUK,unknown,unknown,unknown,unknown
KAM,unknown,unknown,unknown,unknown
MYN,unknown,unknown,unknown,unknown
UKR,unknown,unknown,unknown,unknown
IHN,unknown,unknown,unknown,unknown
SYE,unknown,unknown,unknown,unknown
ACU,unknown,unknown,unknown,unknown
AIL,unknown,unknown,unknown,unknown
CTE,unknown,unknown,unknown,unknown
MPP,unknown,unknown,unknown,unknown
PYC,unknown,unknown,unknown,unknown
NMG,unknown,unknown,unknown,unknown
PYV,unknown,unknown,unknown,unknown
BFQ,unknown,unknown,unknown,unknown
ELE,unknown,unknown,unknown,unknown
OTD,unknown,unknown,unknown,unknown
SAX,unknown,unknown,unknown,unknown
AKB,unknown,unknown,unknown,unknown
PML,unknown,unknown,unknown,unknown
BVU,unknown,unknown,unknown,unknown
BMX,unknown,unknown,unknown,unknown
CEM,unknown,unknown,unknown,unknown
CIK,unknown,unknown,unknown,unknown
CYF,unknown,unknown,unknown,unknown
IRC,unknown,unknown,unknown,unknown
CXF,unknown,unknown,unknown,unknown
CYT,unknown,unknown,unknown,unknown
RDB,unknown,unknown,unknown,unknown
KKH,unknown,unknown,unknown,unknown
EEK,unknown,unknown,unknown,unknown
EAA,unknown,unknown,unknown,unknown
WWT,unknown,unknown,unknown,unknown
NIB,unknown,unknown,unknown,unknown
FMC,unknown,unknown,unknown,unknown
FWL,unknown,unknown,unknown,unknown
GBH,unknown,unknown,unknown,unknown
KWK,unknown,unknown,unknown,unknown
SHG,unknown,unknown,unknown,unknown
GLV,unknown,unknown,unknown,unknown
BGQ,unknown,unknown,unknown,unknown
NME,unknown,unknown,unknown,unknown
SGY,unknown,unknown,unknown,unknown
HUS,unknown,unknown,unknown,unknown
SHX,unknown,unknown,unknown,unknown
IGG,unknown,unknown,unknown,unknown
MCL,unknown,unknown,unknown,unknown
WAA,unknown,unknown,unknown,unknown
KGK,unknown,unknown,unknown,unknown
KDK,unknown,unknown,unknown,unknown
KFP,unknown,unknown,unknown,unknown
AKK,unknown,unknown,unknown,unknown
KPN,unknown,unknown,unknown,unknown
KKA,unknown,unknown,unknown,unknown
LKK,unknown,unknown,unknown,unknown
IKO,unknown,unknown,unknown,unknown
UUK,unknown,unknown,unknown,unknown
KAL,unknown,unknown,unknown,unknown
KYK,unknown,unknown,unknown,unknown
KLN,unknown,unknown,unknown,unknown
KLG,unknown,unknown,unknown,unknown
DQH,unknown,unknown,unknown,unknown
WCR,unknown,unknown,unknown,unknown
KMO,unknown,unknown,unknown,unknown
MDO,unknown,unknown,unknown,unknown
LMA,unknown,unknown,unknown,unknown
SMK,unknown,unknown,unknown,unknown
MLY,AYLM,Lake Murray Airport,"Lake Murray, Papua New Guinea",7.0099194°S 141.4940028°E
MOU,unknown,unknown,unknown,unknown
MXY,unknown,unknown,unknown,unknown
WNA,unknown,unknown,unknown,unknown
NNL,unknown,unknown,unknown,unknown
NUL,unknown,unknown,unknown,unknown
KNW,unknown,unknown,unknown,unknown
OBU,unknown,unknown,unknown,unknown
PCA,unknown,unknown,unknown,unknown
HNH,unknown,unknown,unknown,unknown
OOK,unknown,unknown,unknown,unknown
NLG,unknown,unknown,unknown,unknown
KPV,unknown,unknown,unknown,unknown
PKA,unknown,unknown,unknown,unknown
PIP,unknown,unknown,unknown,unknown
PHO,unknown,unknown,unknown,unknown
PPC,unknown,unknown,unknown,unknown
KWN,unknown,unknown,unknown,unknown
RSH,unknown,unknown,unknown,unknown
SLQ,unknown,unknown,unknown,unknown
SOV,unknown,unknown,unknown,unknown
SMU,unknown,unknown,unknown,unknown
UMM,unknown,unknown,unknown,unknown
SKW,unknown,unknown,unknown,unknown
TAL,unknown,unknown,unknown,unknown
TNC,unknown,unknown,unknown,unknown
TLA,unknown,unknown,unknown,unknown
AUK,unknown,unknown,unknown,unknown
UMT,unknown,unknown,unknown,unknown
UNK,unknown,unknown,unknown,unknown
WOW,unknown,unknown,unknown,unknown
VAK,unknown,unknown,unknown,unknown
KVC,unknown,unknown,unknown,unknown
VEE,unknown,unknown,unknown,unknown
WBQ,unknown,unknown,unknown,unknown
WMO,unknown,unknown,unknown,unknown
PCO,unknown,unknown,unknown,unknown
PCQ,unknown,unknown,unknown,unknown
PDI,unknown,unknown,unknown,unknown
PDR,unknown,unknown,unknown,unknown
MFT,unknown,unknown,unknown,unknown
AKI,unknown,unknown,unknown,unknown
AET,unknown,unknown,unknown,unknown
PFC,unknown,unknown,unknown,unknown
NCN,unknown,unknown,unknown,unknown
CLP,unknown,unknown,unknown,unknown
ELI,unknown,unknown,unknown,unknown
KUK,unknown,unknown,unknown,unknown
KNK,unknown,unknown,unknown,unknown
KOT,unknown,unknown,unknown,unknown
KTS,unknown,unknown,unknown,unknown
KYU,unknown,unknown,unknown,unknown
KWT,unknown,unknown,unknown,unknown
ORV,unknown,unknown,unknown,unknown
SKK,unknown,unknown,unknown,unknown
TKJ,unknown,unknown,unknown,unknown
WSN,unknown,unknown,unknown,unknown
CPN,unknown,unknown,unknown,unknown
EMI,unknown,unknown,unknown,unknown
ERE,unknown,unknown,unknown,unknown
ESA,unknown,unknown,unknown,unknown
GAR,unknown,unknown,unknown,unknown
GOE,unknown,unknown,unknown,unknown
BPD,unknown,unknown,unknown,unknown
BPK,unknown,unknown,unknown,unknown
NWT,unknown,unknown,unknown,unknown
SGK,unknown,unknown,unknown,unknown
KII,unknown,unknown,unknown,unknown
AKG,unknown,unknown,unknown,unknown
TAJ,unknown,unknown,unknown,unknown
AWB,AYAW,Awaba Airport,"Awaba, Papua New Guinea",8.01433°S 142.75100°E
BAA,unknown,unknown,unknown,unknown
CVB,unknown,unknown,unknown,unknown
GMI,unknown,unknown,unknown,unknown
GVI,unknown,unknown,unknown,unknown
HYF,unknown,unknown,unknown,unknown
IHU,unknown,unknown,unknown,unknown
IIS,unknown,unknown,unknown,unknown
JAQ,unknown,unknown,unknown,unknown
KDR,unknown,unknown,unknown,unknown
KKD,unknown,unknown,unknown,unknown
KUY,unknown,unknown,unknown,unknown
KWO,unknown,unknown,unknown,unknown
LMI,unknown,unknown,unknown,unknown
LMY,unknown,unknown,unknown,unknown
OBX,unknown,unknown,unknown,unknown
SKC,AYSU,Suki Airport,"Suki, Papua New Guinea",8.046528°S 141.722139°E
TFI,unknown,unknown,unknown,unknown
TFM,unknown,unknown,unknown,unknown
TLO,unknown,unknown,unknown,unknown
UKU,unknown,unknown,unknown,unknown
ULE,unknown,unknown,unknown,unknown
WPM,unknown,unknown,unknown,unknown
PGE,unknown,unknown,unknown,unknown
PGM,unknown,unknown,unknown,unknown
ENI,unknown,El Nido Airport,"Villa Libertad, El Nido, Palawan",11.20194°N 119.41694°E
LUP,unknown,unknown,unknown,unknown
PAK,unknown,unknown,unknown,unknown
BHC,unknown,unknown,unknown,unknown
CWP,unknown,unknown,unknown,unknown
GRT,unknown,unknown,unknown,unknown
HRA,unknown,unknown,unknown,unknown
KCF,unknown,unknown,unknown,unknown
REQ,unknown,unknown,unknown,unknown
RZS,unknown,unknown,unknown,unknown
ENT,unknown,unknown,unknown,unknown
PLE,unknown,unknown,unknown,unknown
TNV,unknown,unknown,unknown,unknown
TNQ,unknown,unknown,unknown,unknown
PMM,unknown,unknown,unknown,unknown
PMP,unknown,unknown,unknown,unknown
PPX,unknown,unknown,unknown,unknown
HUC,unknown,unknown,unknown,unknown
XSO,unknown,unknown,unknown,unknown
PUA,unknown,unknown,unknown,unknown
BFA,unknown,unknown,unknown,unknown
OLK,unknown,unknown,unknown,unknown
PBT,unknown,unknown,unknown,unknown
PCJ,unknown,unknown,unknown,unknown
KIO,unknown,unknown,unknown,unknown
RAA,unknown,unknown,unknown,unknown
RAW,unknown,unknown,unknown,unknown
RAX,unknown,unknown,unknown,unknown
RBP,unknown,unknown,unknown,unknown
GNI,unknown,unknown,unknown,unknown
TXG,unknown,unknown,unknown,unknown
WOT,unknown,unknown,unknown,unknown
RDV,unknown,unknown,unknown,unknown
RHT,ZBAR,Alxa Right Banner Badanjilin Airport,unknown,39.225°N 101.546°E
MUS,unknown,unknown,unknown,unknown
RBJ,unknown,unknown,unknown,unknown
AXJ,unknown,unknown,unknown,unknown
CHN,unknown,unknown,unknown,unknown
CHF,unknown,unknown,unknown,unknown
QJP,unknown,unknown,unknown,unknown
QDY,unknown,unknown,unknown,unknown
HMY,unknown,unknown,unknown,unknown
RKU,unknown,unknown,unknown,unknown
RKY,unknown,unknown,unknown,unknown
RLP,unknown,unknown,unknown,unknown
RMD,unknown,unknown,unknown,unknown
RMP,unknown,unknown,unknown,unknown
KJP,unknown,unknown,unknown,unknown
AGJ,unknown,unknown,unknown,unknown
HTR,unknown,unknown,unknown,unknown
BSI,unknown,unknown,unknown,unknown
CYU,RPLO,Cuyo Airport,unknown,10.85806°N 121.06944°E
SGL,unknown,unknown,unknown,unknown
MLP,unknown,unknown,unknown,unknown
CDY,RPMU,Cagayan de Sulu Airport,"Mapun, Tawi-Tawi",7.01361°N 118.49500°E
IPE,unknown,unknown,unknown,unknown
IAO,unknown,unknown,unknown,unknown
RZP,RPSD,Cesar Lim Rodriguez Airport,"Barangay Sandoval, Taytay, Palawan",10.81861°N 119.50750°E
RPV,unknown,unknown,unknown,unknown
RRM,unknown,unknown,unknown,unknown
NGK,unknown,unknown,unknown,unknown
KDY,unknown,unknown,unknown,unknown
DLR,unknown,unknown,unknown,unknown
VUS,unknown,unknown,unknown,unknown
RUU,unknown,unknown,unknown,unknown
RVC,unknown,unknown,unknown,unknown
LPS,unknown,unknown,unknown,unknown
MJR,unknown,unknown,unknown,unknown
JNI,unknown,unknown,unknown,unknown
LCM,unknown,unknown,unknown,unknown
RAF,unknown,unknown,unknown,unknown
HOS,unknown,unknown,unknown,unknown
CVH,unknown,unknown,unknown,unknown
GNR,unknown,unknown,unknown,unknown
SAM,unknown,unknown,unknown,unknown
CRR,unknown,unknown,unknown,unknown
RLO,unknown,unknown,unknown,unknown
SAS,unknown,unknown,unknown,unknown
CLX,unknown,unknown,unknown,unknown
ELO,unknown,unknown,unknown,unknown
LLS,unknown,unknown,unknown,unknown
MDX,unknown,unknown,unknown,unknown
EMX,unknown,unknown,unknown,unknown
IGB,unknown,unknown,unknown,unknown
OES,unknown,unknown,unknown,unknown
MQD,unknown,unknown,unknown,unknown
ARR,unknown,unknown,unknown,unknown
SGV,unknown,unknown,unknown,unknown
ROY,unknown,unknown,unknown,unknown
GGS,unknown,unknown,unknown,unknown
JSM,unknown,unknown,unknown,unknown
RYO,unknown,unknown,unknown,unknown
CSZ,unknown,unknown,unknown,unknown
OVR,unknown,unknown,unknown,unknown
VIU,unknown,unknown,unknown,unknown
AAX,unknown,unknown,unknown,unknown
BJP,unknown,unknown,unknown,unknown
CFB,unknown,unknown,unknown,unknown
CFC,unknown,unknown,unknown,unknown
CLV,unknown,unknown,unknown,unknown
BYO,unknown,unknown,unknown,unknown
ESI,unknown,unknown,unknown,unknown
GPB,unknown,unknown,unknown,unknown
GVR,unknown,unknown,unknown,unknown
ITR,unknown,unknown,unknown,unknown
JJG,unknown,unknown,unknown,unknown
JDO,unknown,unknown,unknown,unknown
LEC,unknown,unknown,unknown,unknown
PHB,unknown,unknown,unknown,unknown
BRB,unknown,unknown,unknown,unknown
SMT,unknown,unknown,unknown,unknown
UNA,unknown,unknown,unknown,unknown
TOW,unknown,unknown,unknown,unknown
TSQ,unknown,unknown,unknown,unknown
ZUD,unknown,unknown,unknown,unknown
LOB,unknown,unknown,unknown,unknown
WAP,unknown,unknown,unknown,unknown
WPA,unknown,unknown,unknown,unknown
DPB,unknown,unknown,unknown,unknown
COW,unknown,unknown,unknown,unknown
FRT,unknown,unknown,unknown,unknown
FFU,unknown,unknown,unknown,unknown
LSQ,unknown,unknown,unknown,unknown
CPP,unknown,unknown,unknown,unknown
ZLR,unknown,unknown,unknown,unknown
OVL,unknown,unknown,unknown,unknown
ZPC,unknown,unknown,unknown,unknown
MHC,unknown,unknown,unknown,unknown
PUX,unknown,unknown,unknown,unknown
VAP,unknown,unknown,unknown,unknown
TNM,unknown,unknown,unknown,unknown
SMB,unknown,unknown,unknown,unknown
SSD,unknown,unknown,unknown,unknown
WCA,unknown,unknown,unknown,unknown
CPQ,unknown,unknown,unknown,unknown
QCJ,unknown,unknown,unknown,unknown
OLC,unknown,unknown,unknown,unknown
SOD,unknown,unknown,unknown,unknown
QDC,unknown,unknown,unknown,unknown
SDI,unknown,unknown,unknown,unknown
JLS,unknown,unknown,unknown,unknown
QOA,unknown,unknown,unknown,unknown
QGC,unknown,unknown,unknown,unknown
QNV,unknown,unknown,unknown,unknown
OUS,unknown,unknown,unknown,unknown
OIA,unknown,unknown,unknown,unknown
QHB,unknown,unknown,unknown,unknown
QIQ,unknown,unknown,unknown,unknown
REZ,unknown,unknown,unknown,unknown
QSC,unknown,unknown,unknown,unknown
UBT,unknown,unknown,unknown,unknown
ITP,unknown,unknown,unknown,unknown
QGS,unknown,unknown,unknown,unknown
VOT,unknown,unknown,unknown,unknown
QGB,unknown,unknown,unknown,unknown
GPS,unknown,unknown,unknown,unknown
IBB,unknown,unknown,unknown,unknown
JIP,unknown,unknown,unknown,unknown
LGQ,unknown,unknown,unknown,unknown
PYO,unknown,unknown,unknown,unknown
SUQ,unknown,unknown,unknown,unknown
PTZ,unknown,unknown,unknown,unknown
SCY,unknown,unknown,unknown,unknown
BHA,unknown,unknown,unknown,unknown
TSC,unknown,unknown,unknown,unknown
TPN,unknown,unknown,unknown,unknown
LOH,unknown,unknown,unknown,unknown
ESM,unknown,unknown,unknown,unknown
SFU,unknown,unknown,unknown,unknown
CIO,unknown,unknown,unknown,unknown
ENO,unknown,unknown,unknown,unknown
FLM,unknown,unknown,unknown,unknown
PJC,unknown,unknown,unknown,unknown
SIC,unknown,unknown,unknown,unknown
LVR,unknown,unknown,unknown,unknown
FRC,unknown,unknown,unknown,unknown
SIZ,unknown,unknown,unknown,unknown
JUA,unknown,unknown,unknown,unknown
CFO,unknown,unknown,unknown,unknown
NPR,unknown,unknown,unknown,unknown
RIG,unknown,unknown,unknown,unknown
ARS,unknown,unknown,unknown,unknown
ACM,unknown,unknown,unknown,unknown
ECO,unknown,unknown,unknown,unknown
ARO,unknown,unknown,unknown,unknown
JUO,unknown,unknown,unknown,unknown
SJR,unknown,unknown,unknown,unknown
NPU,unknown,unknown,unknown,unknown
PCC,unknown,unknown,unknown,unknown
SQF,unknown,unknown,unknown,unknown
AYI,unknown,unknown,unknown,unknown
ACL,unknown,unknown,unknown,unknown
CUI,unknown,unknown,unknown,unknown
MOY,unknown,unknown,unknown,unknown
EUO,unknown,unknown,unknown,unknown
PRE,unknown,unknown,unknown,unknown
SQE,unknown,unknown,unknown,unknown
TAU,unknown,unknown,unknown,unknown
AYC,unknown,unknown,unknown,unknown
DZI,unknown,unknown,unknown,unknown
DZI,unknown,unknown,unknown,unknown
SJH,unknown,unknown,unknown,unknown
BHF,unknown,unknown,unknown,unknown
GGL,unknown,unknown,unknown,unknown
UNC,unknown,unknown,unknown,unknown
AYA,unknown,unknown,unknown,unknown
NBB,unknown,unknown,unknown,unknown
MND,unknown,unknown,unknown,unknown
NAD,unknown,unknown,unknown,unknown
GCA,unknown,unknown,unknown,unknown
SRO,unknown,unknown,unknown,unknown
BAC,unknown,unknown,unknown,unknown
CQT,unknown,unknown,unknown,unknown
ELJ,unknown,unknown,unknown,unknown
LMC,unknown,unknown,unknown,unknown
SOH,unknown,unknown,unknown,unknown
URI,unknown,unknown,unknown,unknown
ECR,unknown,unknown,unknown,unknown
MQR,unknown,unknown,unknown,unknown
ISD,unknown,unknown,unknown,unknown
AZT,unknown,unknown,unknown,unknown
HRR,unknown,unknown,unknown,unknown
SQB,unknown,unknown,unknown,unknown
LPE,unknown,unknown,unknown,unknown
ARF,unknown,unknown,unknown,unknown
MFB,unknown,unknown,unknown,unknown
MHF,unknown,unknown,unknown,unknown
CSR,unknown,unknown,unknown,unknown
LPE,unknown,unknown,unknown,unknown
ACR,unknown,unknown,unknown,unknown
ACD,unknown,unknown,unknown,unknown
AFI,unknown,unknown,unknown,unknown
CPB,unknown,unknown,unknown,unknown
COG,unknown,unknown,unknown,unknown
CCO,unknown,unknown,unknown,unknown
CIM,unknown,unknown,unknown,unknown
RAV,unknown,unknown,unknown,unknown
CUO,unknown,unknown,unknown,unknown
FDA,unknown,unknown,unknown,unknown
LGT,unknown,unknown,unknown,unknown
CPL,unknown,unknown,unknown,unknown
HTZ,unknown,unknown,unknown,unknown
IGO,unknown,unknown,unknown,unknown
LQM,unknown,unknown,unknown,unknown
LPD,unknown,unknown,unknown,unknown
MFS,unknown,unknown,unknown,unknown
MTB,unknown,unknown,unknown,unknown
NCI,unknown,unknown,unknown,unknown
NQU,SKNQ,Reyes Murillo Airport,unknown,5.70972°N 77.26250°W
ORC,unknown,unknown,unknown,unknown
PLT,unknown,unknown,unknown,unknown
NAR,unknown,unknown,unknown,unknown
PBE,unknown,unknown,unknown,unknown
RVE,unknown,unknown,unknown,unknown
SSL,unknown,unknown,unknown,unknown
SOX,unknown,unknown,unknown,unknown
SRS,unknown,unknown,unknown,unknown
TIB,unknown,unknown,unknown,unknown
TDA,unknown,unknown,unknown,unknown
TLU,unknown,unknown,unknown,unknown
TRB,unknown,unknown,unknown,unknown
URR,unknown,unknown,unknown,unknown
VGZ,unknown,unknown,unknown,unknown
PYA,unknown,unknown,unknown,unknown
AYG,unknown,unknown,unknown,unknown
MHW,unknown,unknown,unknown,unknown
APB,unknown,unknown,unknown,unknown
ASC,unknown,unknown,unknown,unknown
CAM,unknown,unknown,unknown,unknown
CCA,unknown,unknown,unknown,unknown
CEP,unknown,unknown,unknown,unknown
GYA,unknown,unknown,unknown,unknown
BVK,unknown,unknown,unknown,unknown
SLJ,unknown,unknown,unknown,unknown
SJS,unknown,unknown,unknown,unknown
SJB,unknown,unknown,unknown,unknown
SJV,unknown,unknown,unknown,unknown
MGD,unknown,unknown,unknown,unknown
PUR,unknown,unknown,unknown,unknown
SRD,unknown,unknown,unknown,unknown
RBO,unknown,unknown,unknown,unknown
RIB,unknown,unknown,unknown,unknown
REY,unknown,unknown,unknown,unknown
SRJ,unknown,unknown,unknown,unknown
SNG,unknown,unknown,unknown,unknown
SNM,unknown,unknown,unknown,unknown
SRB,unknown,unknown,unknown,unknown
MQK,unknown,unknown,unknown,unknown
UYU,unknown,unknown,unknown,unknown
VAH,unknown,unknown,unknown,unknown
ABN,unknown,unknown,unknown,unknown
TOT,unknown,unknown,unknown,unknown
DRJ,unknown,unknown,unknown,unknown
SMH,unknown,unknown,unknown,unknown
MOJ,unknown,unknown,unknown,unknown
ICK,unknown,unknown,unknown,unknown
SMP,unknown,unknown,unknown,unknown
OEM,unknown,unknown,unknown,unknown
SMZ,unknown,unknown,unknown,unknown
AGI,unknown,unknown,unknown,unknown
ORG,unknown,unknown,unknown,unknown
APY,unknown,unknown,unknown,unknown
APQ,unknown,unknown,unknown,unknown
AMJ,unknown,unknown,unknown,unknown
AIF,unknown,unknown,unknown,unknown
BDC,unknown,unknown,unknown,unknown
BVM,unknown,unknown,unknown,unknown
BRA,unknown,unknown,unknown,unknown
BSS,unknown,unknown,unknown,unknown
BMS,unknown,unknown,unknown,unknown
BQQ,unknown,unknown,unknown,unknown
CTP,unknown,unknown,unknown,unknown
CPU,unknown,unknown,unknown,unknown
QCH,unknown,unknown,unknown,unknown
RDC,unknown,unknown,unknown,unknown
LEP,unknown,unknown,unknown,unknown
DTI,unknown,unknown,unknown,unknown
DIQ,unknown,unknown,unknown,unknown
CNV,unknown,unknown,unknown,unknown
SXX,unknown,unknown,unknown,unknown
GUZ,unknown,unknown,unknown,unknown
GDP,unknown,unknown,unknown,unknown
GNM,unknown,unknown,unknown,unknown
QGP,unknown,unknown,unknown,unknown
IRE,unknown,unknown,unknown,unknown
QIG,unknown,unknown,unknown,unknown
QIT,unknown,unknown,unknown,unknown
IPU,unknown,unknown,unknown,unknown
JCM,unknown,unknown,unknown,unknown
FEC,unknown,unknown,unknown,unknown
JEQ,unknown,unknown,unknown,unknown
JNA,unknown,unknown,unknown,unknown
JDR,unknown,unknown,unknown,unknown
CMP,unknown,unknown,unknown,unknown
CDI,unknown,unknown,unknown,unknown
QCP,unknown,unknown,unknown,unknown
SSO,unknown,unknown,unknown,unknown
MTE,unknown,unknown,unknown,unknown
MVS,unknown,unknown,unknown,unknown
SBJ,unknown,unknown,unknown,unknown
PTQ,unknown,unknown,unknown,unknown
NNU,unknown,unknown,unknown,unknown
PSW,unknown,unknown,unknown,unknown
FEJ,unknown,unknown,unknown,unknown
ORX,unknown,unknown,unknown,unknown
PCS,unknown,unknown,unknown,unknown
POJ,unknown,unknown,unknown,unknown
PIV,unknown,unknown,unknown,unknown
SNQ,unknown,unknown,unknown,unknown
FLB,unknown,unknown,unknown,unknown
PDF,unknown,unknown,unknown,unknown
CAU,unknown,unknown,unknown,unknown
SFK,unknown,unknown,unknown,unknown
TXF,unknown,unknown,unknown,unknown
OBI,unknown,unknown,unknown,unknown
TFL,unknown,unknown,unknown,unknown
VAL,unknown,unknown,unknown,unknown
QID,unknown,unknown,unknown,unknown
BVS,unknown,unknown,unknown,unknown
CMC,unknown,unknown,unknown,unknown
PHI,unknown,unknown,unknown,unknown
ITI,unknown,unknown,unknown,unknown
GMS,unknown,unknown,unknown,unknown
PPY,unknown,unknown,unknown,unknown
ITE,unknown,unknown,unknown,unknown
BXX,unknown,unknown,unknown,unknown
GTA,unknown,unknown,unknown,unknown
SOA,unknown,unknown,unknown,unknown
GSI,SOGS,Grand-Santi Airport,unknown,4.28472°N 54.37778°W
MPY,SOOA,Maripasoula Airport,unknown,3.65750°N 54.03722°W
LDX,SOOM,Saint-Laurent-du-Maroni Airport,unknown,5.48333°N 54.03444°W
REI,unknown,unknown,unknown,unknown
XAU,SOOS,Saül Airport,unknown,3.61528°N 53.20417°W
SOR,unknown,unknown,unknown,unknown
YIN,unknown,unknown,unknown,unknown
JIL,unknown,unknown,unknown,unknown
